Channel Name,Channel Slug,Channel Description,Channel Category,Section Name,Section Slug,Section Order,Episode Number,Episode Title,Episode Slug,Episode Description,Episode Level,Difficulty Level,File Name,Upload Status,Video URL,Thumbnail URL,Required Tier Level,Is First Episode,Status,Season Number,Tags,Notes
Ball Handling Fundamentals,ball-handling-fundamentals,"Master essential ball handling skills with professional drills you can practice anywhere. Develop coordination, control, and confidence with the basketball.",basketball,No Court,no-court,1,1,Footwork,footwork,"Develop explosive footwork and coordination with inside-outside hops. Focus on hopping quickly on and off the line while moving your arms dynamically. This fundamental drill builds the foundation for advanced ball handling movements.",Easy,beginner,1 indi app vids.mov,Yes,,,1,true,published,1,"footwork,warmup,coordination",Inside-outside hop pattern with arm movement
Ball Handling Fundamentals,ball-handling-fundamentals,"Master essential ball handling skills with professional drills you can practice anywhere. Develop coordination, control, and confidence with the basketball.",basketball,No Court,no-court,1,2,Pound Dribble Control,pound-dribble-control,"Build power and control through aggressive pound dribbles with both hands. Maintain a wide base slightly more than shoulder width, keep your off hand relaxed, and focus on denting the floor with each dribble. Keep your head up as you advance through the drill.",Easy,beginner,2 indi app vids.mov,Yes,,,2,false,published,1,"ball-handling,pound-dribble,fundamentals",Double pounds left and right with proper form
Ball Handling Fundamentals,ball-handling-fundamentals,"Master essential ball handling skills with professional drills you can practice anywhere. Develop coordination, control, and confidence with the basketball.",basketball,No Court,no-court,1,3,Injured Drill,injured-drill,"Maintain your ball handling skills even when injured. Practice double pound to double front cradle variations around your body to keep your touch sharp during recovery periods.",Advanced,intermediate,3 indi app vids.mov,Yes,,,2,false,published,1,"ball-handling,injury-recovery,advanced",Double pound to double front cradle combination
Ball Handling Fundamentals,ball-handling-fundamentals,"Master essential ball handling skills with professional drills you can practice anywhere. Develop coordination, control, and confidence with the basketball.",basketball,No Court,no-court,1,4,Footwork Reps,footwork-reps,"Enhance your footwork with single leg lateral hops. This drill includes detailed explanation of how footwork connects to ball handling, helping you understand the relationship between lower body movement and ball control.",Easy,beginner,4 indi app vids.mov,Yes,,,2,false,published,1,"footwork,lateral-movement,coordination",Single leg lateral hop with ball handling connection
Ball Handling Fundamentals,ball-handling-fundamentals,"Master essential ball handling skills with professional drills you can practice anywhere. Develop coordination, control, and confidence with the basketball.",basketball,No Court,no-court,1,5,Dribble Drag Drill,dribble-drag-drill,"Master the drag pull misdirection dribble to create space and maintain control. Ensure each leg steps across your body while pulling the ball inward between your legs. After crossing between the legs and pulling back, reach center and transition directly into your double pound.",Easy,beginner,5 indi app vids.mov,Yes,,,2,false,published,1,"ball-handling,misdirection,space-creation",Drag pull misdirection with leg crossovers
Ball Handling Fundamentals,ball-handling-fundamentals,"Master essential ball handling skills with professional drills you can practice anywhere. Develop coordination, control, and confidence with the basketball.",basketball,No Court,no-court,1,6,Pound Between & Behind,pound-between-behind,"Combine pound dribbles with between the legs and behind the back moves. When dribbling between the legs, bend your body slightly so your feet remain stationary while creating enough room to get the ball through dynamically. The video includes detailed explanation for getting lower.",Easy,beginner,6 indi app vids.mov,Yes,,,2,false,published,1,"ball-handling,combinations,advanced-moves",Double pound with between legs and behind back
Ball Handling Fundamentals,ball-handling-fundamentals,"Master essential ball handling skills with professional drills you can practice anywhere. Develop coordination, control, and confidence with the basketball.",basketball,No Court,no-court,1,7,Pound to Front Cross,pound-to-front-cross,"Execute double pound to double front cross combinations, returning to the same hand. Complete 10 double crosses with each hand, maintaining control and rhythm throughout the movement.",Easy,beginner,9 indi app vids.mov,Yes,,,2,false,published,1,"ball-handling,crossover,combinations",Double pound to double front cross pattern
Ball Handling Fundamentals,ball-handling-fundamentals,"Master essential ball handling skills with professional drills you can practice anywhere. Develop coordination, control, and confidence with the basketball.",basketball,No Court,no-court,1,8,Warm Up,warm-up,"Prepare your body for training with essential stretching routines. Focus on hamstring stretches and kicking backwards on back pedals to activate your muscles and prevent injury.",Easy,beginner,10 indi app vids.mov,Yes,,,2,false,published,1,"warmup,stretching,injury-prevention",Hamstring stretch and back pedal activation
Ball Handling Fundamentals,ball-handling-fundamentals,"Master essential ball handling skills with professional drills you can practice anywhere. Develop coordination, control, and confidence with the basketball.",basketball,No Court,no-court,1,9,Figure 8,figure-8,"Master the classic figure-8 drill with constant taps. Complete 10 figure-8s starting in each hand for a total of 20 repetitions. This fundamental exercise builds hand coordination and ball control.",Advanced,intermediate,11 indi app vids.mov,Yes,,,2,false,published,1,"ball-handling,figure-8,coordination",Constant tap figure-8s with both hands
Ball Handling Fundamentals,ball-handling-fundamentals,"Master essential ball handling skills with professional drills you can practice anywhere. Develop coordination, control, and confidence with the basketball.",basketball,No Court,no-court,1,10,Double Punch Combo,double-punch-combo,"Execute double behind combinations with explosive power. Focus on denting the floor with your double pounds, then push yourself with speed to control the double behind right into the double pound sequence.",Easy,beginner,12 indi app vids.mov,Yes,,,2,false,published,1,"ball-handling,combinations,power",Double punch to double behind combination
Ball Handling Fundamentals,ball-handling-fundamentals,"Master essential ball handling skills with professional drills you can practice anywhere. Develop coordination, control, and confidence with the basketball.",basketball,No Court,no-court,1,11,Line Ladder Work,line-ladder-work,"Improve your footwork precision with alternating staggered stances on the line. Move your arms dynamically while stepping, developing coordination between upper and lower body movements.",Easy,beginner,13 indi app vids.mov,Yes,,,2,false,published,1,"footwork,ladder-drill,coordination",Alternating staggered stance with arm movement
Ball Handling Fundamentals,ball-handling-fundamentals,"Master essential ball handling skills with professional drills you can practice anywhere. Develop coordination, control, and confidence with the basketball.",basketball,No Court,no-court,1,12,Double Pound Front Cross,double-pound-front-cross,"Master double front cross combinations with floor-denting intensity. Complete 10 double crosses with each hand, focusing on power and control throughout the movement.",Easy,beginner,14 indi app vids.mov,Yes,,,2,false,published,1,"ball-handling,crossover,power",Double pound to double front cross
Ball Handling Fundamentals,ball-handling-fundamentals,"Master essential ball handling skills with professional drills you can practice anywhere. Develop coordination, control, and confidence with the basketball.",basketball,No Court,no-court,1,13,Wrap Control Drill,wrap-control-drill,"Develop ball wrapping skills with high-speed waist wraps. Increase your speed as your reps get higher, challenging yourself to maintain control while pushing the pace. This drill is perfect for indoor practice when dribbling isn't an option.",Easy,beginner,16 indi app vids.mov,Yes,,,2,false,published,1,"ball-handling,wrap-around,indoor-training",High-speed waist wraps with progressive difficulty
Ball Handling Fundamentals,ball-handling-fundamentals,"Master essential ball handling skills with professional drills you can practice anywhere. Develop coordination, control, and confidence with the basketball.",basketball,No Court,no-court,1,14,Stretches,stretches,"Essential stretching routine for ball handlers focusing on quad and hamstring flexibility. Maintain mobility and prevent injury with proper warm-up and recovery exercises.",Easy,beginner,17 indi app vids.mov,Yes,,,2,false,published,1,"stretching,flexibility,recovery",Quad and hamstring stretches
Ball Handling Fundamentals,ball-handling-fundamentals,"Master essential ball handling skills with professional drills you can practice anywhere. Develop coordination, control, and confidence with the basketball.",basketball,No Court,no-court,1,15,Pound Cross,pound-cross,"Execute double pound into a single cross with purpose and control. Focus on denting the floor with each pound, then cross the ball over decisively while keeping your head up throughout the movement.",Easy,beginner,19 indi app vids.mov,Yes,,,2,false,published,1,"ball-handling,crossover,fundamentals",Double pound to single cross
Ball Handling Fundamentals,ball-handling-fundamentals,"Master essential ball handling skills with professional drills you can practice anywhere. Develop coordination, control, and confidence with the basketball.",basketball,No Court,no-court,1,16,Figure 8 Explanation,figure-8-explanation,"Detailed explanation of figure-8 ball handling technique. Understand proper form, common mistakes, and how to maximize effectiveness. Pair this explanation with the figure-8 drill video for complete understanding.",Easy,beginner,20 indi app vids.mov,Yes,,,2,false,published,1,"ball-handling,explanation,technique",Technique breakdown for figure-8 drill
Ball Handling Fundamentals,ball-handling-fundamentals,"Master essential ball handling skills with professional drills you can practice anywhere. Develop coordination, control, and confidence with the basketball.",basketball,No Court,no-court,1,17,Ladder Line Work,ladder-line-work,"Advanced line ladder work with double taps before moving your foot outside the line and back in. Coordinate arm movements with foot movements, developing advanced coordination and spatial awareness.",Advanced,intermediate,21 indi app vids.mov,Yes,,,2,false,published,1,"footwork,ladder-drill,advanced",Double tap pattern with line work
Ball Handling Fundamentals,ball-handling-fundamentals,"Master essential ball handling skills with professional drills you can practice anywhere. Develop coordination, control, and confidence with the basketball.",basketball,No Court,no-court,1,18,Warm Up Video,warm-up-video,"Activate your hips with karaoke step warm-up. Drive your first leg step over an invisible hurdle to activate your hip muscles and prepare for dynamic movement.",Easy,beginner,23 indi app vids.mov,Yes,,,2,false,published,1,"warmup,hip-activation,mobility",Karaoke step for hip activation
Ball Handling Fundamentals,ball-handling-fundamentals,"Master essential ball handling skills with professional drills you can practice anywhere. Develop coordination, control, and confidence with the basketball.",basketball,No Court,no-court,1,19,Warm Up Video 2,warm-up-video-2,"Improve hip swivels and hip mobility with Spanish steps. Coordinate opposite arm movements across your body as your leg moves across (right leg goes across, left arm comes across), enhancing rotational mobility.",Advanced,intermediate,24 indi app vids.mov,Yes,,,2,false,published,1,"warmup,hip-mobility,coordination",Spanish steps with opposite arm coordination
Ball Handling Fundamentals,ball-handling-fundamentals,"Master essential ball handling skills with professional drills you can practice anywhere. Develop coordination, control, and confidence with the basketball.",basketball,No Court,no-court,1,20,Pound Double Between,pound-double-between,"Master double between the legs moves with proper body positioning. Stay low and get even lower when going between your legs, keeping your double pound at knee height for optimal control.",Easy,beginner,26 indi app vids.mov,Yes,,,2,false,published,1,"ball-handling,between-legs,body-position",Double between the legs with low stance
Ball Handling Fundamentals,ball-handling-fundamentals,"Master essential ball handling skills with professional drills you can practice anywhere. Develop coordination, control, and confidence with the basketball.",basketball,No Court,no-court,1,21,Pound Through Legs,pound-through-legs,"Combine double pound with double reverse cradle for advanced ball control. This drill helps develop ball control and teaches you to cradle the basketball without carrying, pairing perfectly with the injured drill episode.",Easy,beginner,28 indi app vids.mov,Yes,,,2,false,published,1,"ball-handling,reverse-cradle,ball-control",Double pound to double reverse cradle
Shooting Fundamentals,shooting-fundamentals,"Master your shooting form and accuracy with solo practice drills. Perfect your jump shot, free throws, and three-point shooting without needing a rebounder.",basketball,On Court,on-court,1,1,Bank Shots,bank-shots,"Master the art of bank shots from various angles without a rebounder. Practice single side wing bank shots off hop catches, focusing on proper technique and angle selection. Complete 10 made shots to build consistency.",Advanced,intermediate,29 indi app.mov,Yes,,,1,true,published,1,"shooting,bank-shot,wing-shooting",Single side wing bank shots with hop catch
Shooting Fundamentals,shooting-fundamentals,"Master your shooting form and accuracy with solo practice drills. Perfect your jump shot, free throws, and three-point shooting without needing a rebounder.",basketball,On Court,on-court,1,2,Jumpers,jumpers,"Develop consistent jump shot form from the same side wing. Focus on proper mechanics, balance, and follow-through. Complete 10 made shots to build muscle memory and shooting confidence.",Easy,beginner,30 indi app.mov,Yes,,,2,false,published,1,"shooting,jump-shot,form",Same side wing jumpers
Shooting Fundamentals,shooting-fundamentals,"Master your shooting form and accuracy with solo practice drills. Perfect your jump shot, free throws, and three-point shooting without needing a rebounder.",basketball,Stretching,stretching,2,1,Knee Flossing,knee-flossing,"Essential knee flossing and stretching routine for shooters. Place both hands under your hamstring and point your knee toward the sky when lifting. This warm-up maintains flexibility and prevents injury.",Easy,beginner,31 indi app.mov,Yes,,,2,false,published,1,"stretching,knee-flossing,injury-prevention",Hamstring and knee flexibility routine
Shooting Fundamentals,shooting-fundamentals,"Master your shooting form and accuracy with solo practice drills. Perfect your jump shot, free throws, and three-point shooting without needing a rebounder.",basketball,Explanation,explanation,3,1,Shooting Footwork Explanation,shooting-footwork-explanation,"Detailed explanation of proper footwork for shooting drills. Learn how foot positioning affects your shot accuracy and consistency, understanding the relationship between lower body mechanics and shooting success.",Advanced,intermediate,32 indi app.mov,Yes,,,2,false,published,1,"shooting,footwork,explanation",Footwork mechanics breakdown
Shooting Fundamentals,shooting-fundamentals,"Master your shooting form and accuracy with solo practice drills. Perfect your jump shot, free throws, and three-point shooting without needing a rebounder.",basketball,On Court,on-court,1,3,Jumpers Explained,jumpers-explained,"Comprehensive explanation of jump shot form and technique from the same side wing. Understand the key components of a successful shot and how to develop consistency. Pair this with Episode 2 for complete understanding.",Easy,beginner,33 indi app.mov,Yes,,,2,false,published,1,"shooting,jump-shot,explanation",Jump shot technique breakdown
Shooting Fundamentals,shooting-fundamentals,"Master your shooting form and accuracy with solo practice drills. Perfect your jump shot, free throws, and three-point shooting without needing a rebounder.",basketball,On Court,on-court,1,4,Dead Leg Jumper,dead-leg-jumper,"Master shooting on the move with dead leg to jumper combinations. Self-toss while running toward the wing, execute a dead leg into squared footwork for a jump shot. Complete 10 made shots, with the final two must be consecutive for advanced progression.",Advanced,intermediate,34 indi app.mov,Yes,,,2,false,published,1,"shooting,on-move,dead-leg",Dead leg to jump shot on the move
Shooting Fundamentals,shooting-fundamentals,"Master your shooting form and accuracy with solo practice drills. Perfect your jump shot, free throws, and three-point shooting without needing a rebounder.",basketball,On Court,on-court,1,5,Jumpers,jumpers-short-corner,"Develop consistency with short corner jumpers. Focus on proper form and follow-through from close range. Complete 10 made shots to build confidence and accuracy.",Easy,beginner,35 indi app.mov,Yes,,,2,false,published,1,"shooting,short-corner,close-range",Short corner jumpers
Shooting Fundamentals,shooting-fundamentals,"Master your shooting form and accuracy with solo practice drills. Perfect your jump shot, free throws, and three-point shooting without needing a rebounder.",basketball,On Court,on-court,1,6,Jumpers Continued,jumpers-continued,"Continue building consistency with opposite short corner jumpers. Challenge yourself to maintain form while switching sides. Complete 10 made shots to develop ambidextrous shooting ability.",Advanced,intermediate,36 indi app.mov,Yes,,,2,false,published,1,"shooting,short-corner,opposite-side",Opposite short corner jumpers
Shooting Fundamentals,shooting-fundamentals,"Master your shooting form and accuracy with solo practice drills. Perfect your jump shot, free throws, and three-point shooting without needing a rebounder.",basketball,On Court,on-court,1,7,Form Shooting,form-shooting,"Build your shooting foundation with form shooting drills close to the basket. Focus on swishes from 5 spots (5 swishes total), then extend a few steps outward as you progress. Perfect your mechanics before moving to longer distances.",Easy,beginner,37 indi app.mov,Yes,,,2,false,published,1,"shooting,form-shooting,close-range",5-spot form shooting with progression
Shooting Fundamentals,shooting-fundamentals,"Master your shooting form and accuracy with solo practice drills. Perfect your jump shot, free throws, and three-point shooting without needing a rebounder.",basketball,Explanation,explanation,3,2,Shooting Drills Explained,shooting-drills-explained,"Learn how to combine shooting drills with conditioning for game-like practice. Understand the importance of shooting while fatigued and how conditioning affects your shooting when it matters most.",Advanced,intermediate,38 indi app.mov,Yes,,,2,false,published,1,"shooting,conditioning,explanation",Shooting drills and conditioning connection
Shooting Fundamentals,shooting-fundamentals,"Master your shooting form and accuracy with solo practice drills. Perfect your jump shot, free throws, and three-point shooting without needing a rebounder.",basketball,On Court,on-court,1,8,Bank Shots,bank-shots-opposite-wing,"Take your bank shot game to the next level with opposite wing bank shots. Practice from different angles and develop consistency using the backboard effectively. Complete 10 made shots to build touch and accuracy.",Easy,beginner,39 indi app.mov,Yes,,,2,false,published,1,"shooting,bank-shot,opposite-wing",Opposite wing bank shots
Shooting Fundamentals,shooting-fundamentals,"Master your shooting form and accuracy with solo practice drills. Perfect your jump shot, free throws, and three-point shooting without needing a rebounder.",basketball,Explanation,explanation,3,3,Dead Leg Explained,dead-leg-explained,"Detailed breakdown of the dead leg to jumper move. Learn proper delay when catching, see the floor as you catch, and understand how to square your feet into your shot after executing the dead leg movement.",Easy,beginner,40 indi app.mov,Yes,,,2,false,published,1,"shooting,dead-leg,explanation",Dead leg footwork and timing breakdown
Shooting Fundamentals,shooting-fundamentals,"Master your shooting form and accuracy with solo practice drills. Perfect your jump shot, free throws, and three-point shooting without needing a rebounder.",basketball,On Court,on-court,1,9,Form Shooting Explained,form-shooting-explained,"In-depth breakdown of form shooting technique without a rebounder. Understand each component of proper shooting form and how to develop consistency through focused practice.",Easy,beginner,41 indi app.mov,Yes,,,2,false,published,1,"shooting,form-shooting,explanation",Form shooting technique breakdown
Shooting Fundamentals,shooting-fundamentals,"Master your shooting form and accuracy with solo practice drills. Perfect your jump shot, free throws, and three-point shooting without needing a rebounder.",basketball,On Court,on-court,1,10,Five Spot Threes,five-spot-threes,"Master three-point shooting from five key spots on the court. This advanced drill builds game confidence and shooting consistency from all three-point positions, developing your ability to score from anywhere beyond the arc.",Pro,advanced,42 indi app2.mov,Yes,,,2,false,published,1,"shooting,three-point,5-spot",Five spot three-point shooting drill
Shooting Fundamentals,shooting-fundamentals,"Master your shooting form and accuracy with solo practice drills. Perfect your jump shot, free throws, and three-point shooting without needing a rebounder.",basketball,On Court,on-court,1,11,Arc Drill,arc-drill,"Challenge yourself with the arc drill behind the backboard. Position yourself slightly behind the backboard and complete 5-10 made arcing shots as a warm-up. This drill improves your shooting arc and develops touch from difficult angles.",Easy,beginner,43 indi app2.mov,Yes,,,2,false,published,1,"shooting,arc-drill,backboard",Arc drill behind backboard
Shooting Fundamentals,shooting-fundamentals,"Master your shooting form and accuracy with solo practice drills. Perfect your jump shot, free throws, and three-point shooting without needing a rebounder.",basketball,On Court,on-court,1,12,Three Point Form,three-point-form,"Apply proper form shooting principles to three-point range from the middle spot. Alternate sides with face catches, completing 10 made threes (5 per side facing). Learn how to maintain mechanics while extending your range.",Advanced,intermediate,44 indi app2.mov,Yes,,,2,false,published,1,"shooting,three-point,form",Middle spot three-point shooting
Shooting Fundamentals,shooting-fundamentals,"Master your shooting form and accuracy with solo practice drills. Perfect your jump shot, free throws, and three-point shooting without needing a rebounder.",basketball,On Court,on-court,1,13,Full Court Threes,full-court-threes,"Build endurance and consistency with full court three-point shooting in transition. Throw the ball off the glass, take it up the floor while surveying the court, and keep the ball in your non-dominant hand before pulling up. This drill combines conditioning with shot making ability.",Pro,advanced,46 indi app2.mov,Yes,,,2,false,published,1,"shooting,three-point,transition",Full court transition threes
Shooting Fundamentals,shooting-fundamentals,"Master your shooting form and accuracy with solo practice drills. Perfect your jump shot, free throws, and three-point shooting without needing a rebounder.",basketball,On Court,on-court,1,14,Corner Threes,corner-threes,"Master corner three-point shooting by going from corner to corner. This drill can be timed (2 minutes) or limited to 2 misses only. Focus on conditioning and shot making ability, developing consistency from one of the most important spots on the court.",Pro,advanced,47 indi app2.mov,Yes,,,2,false,published,1,"shooting,three-point,corner",Corner to corner three-point drill
Shooting Fundamentals,shooting-fundamentals,"Master your shooting form and accuracy with solo practice drills. Perfect your jump shot, free throws, and three-point shooting without needing a rebounder.",basketball,On Court,on-court,1,15,Wing Threes,wing-threes,"Develop consistent wing three-point shooting by going from wing to wing. Time yourself for 2 minutes or limit to 2 misses only. This drill combines conditioning with shot making ability, building your confidence from the wings.",Pro,advanced,48 indi app2.mov,Yes,,,2,false,published,1,"shooting,three-point,wing",Wing to wing three-point drill
Shooting Fundamentals,shooting-fundamentals,"Master your shooting form and accuracy with solo practice drills. Perfect your jump shot, free throws, and three-point shooting without needing a rebounder.",basketball,On Court,on-court,1,16,Bank Shots Speed,bank-shots-speed,"Advanced bank shot practice with wing to wing bank shot jumpers. Focus on touch, timing, and conditioning as you move quickly between spots. This drill develops consistency and game-like shooting under pressure.",Pro,advanced,49 indi app2.mov,Yes,,,2,false,published,1,"shooting,bank-shot,speed",Wing to wing bank shot jumpers
Shooting Fundamentals,shooting-fundamentals,"Master your shooting form and accuracy with solo practice drills. Perfect your jump shot, free throws, and three-point shooting without needing a rebounder.",basketball,Explanation,explanation,3,4,Slot Shooting Explained,slot-shooting-explained,"Master slot three-point shooting with detailed form analysis. Learn about one-two catches and understand how to study your shot while shooting through fatigue. Discover why you might be missing shots and how to correct common mistakes.",Pro,advanced,50 indi app2.mov,Yes,,,2,false,published,1,"shooting,slot-three,explanation",Slot shooting form analysis
Shooting Fundamentals,shooting-fundamentals,"Master your shooting form and accuracy with solo practice drills. Perfect your jump shot, free throws, and three-point shooting without needing a rebounder.",basketball,On Court,on-court,1,17,Five In A Row,five-in-a-row,"Build consistency and mental resilience with the five shots in a row challenge. This advanced drill develops the focus and mental toughness needed to make consecutive shots under pressure, preparing you for game situations.",Pro+,expert,51 indi app2.mov,Yes,,,2,false,published,1,"shooting,consistency,mental-toughness",Five consecutive shots challenge
Shooting Fundamentals,shooting-fundamentals,"Master your shooting form and accuracy with solo practice drills. Perfect your jump shot, free throws, and three-point shooting without needing a rebounder.",basketball,Explanation,explanation,3,5,Daily Explanation,daily-explanation,"Reflect on your daily training progress with valuable insights and tips. Learn how to analyze your shooting performance and make adjustments for continuous improvement. This motivational section helps athletes stay focused and motivated.",Easy,beginner,52 indi app2.mov,Yes,,,2,false,published,1,"explanation,motivation,reflection",Daily training reflection and tips
Two Ball Dribbling Mastery,two-ball-dribbling-mastery,"Take your ball handling to elite levels with advanced two-ball dribbling drills. Develop hand independence, coordination, and control that separates you from the competition.",basketball,Two Ball,two-ball,1,1,Two Ball Between & Behind,two-ball-between-behind,"Master two-ball dribbling through the legs and behind the back while on the move. Keep your eyes up and maintain steady focus throughout. Remember that any mistake means taking a step back, so stay patient and don't get frustrated. Complete half court and back OR 10 reps with each hand.",Pro,advanced,53 indi app 4.mp4,No,,,2,true,published,1,"two-ball,advanced,on-move",Through legs and behind back on the move
Two Ball Dribbling Mastery,two-ball-dribbling-mastery,"Take your ball handling to elite levels with advanced two-ball dribbling drills. Develop hand independence, coordination, and control that separates you from the competition.",basketball,Two Ball,two-ball,1,2,Cradle Circus Dribble,cradle-circus-dribble,"Execute double circus cradle with two basketballs, demonstrating elite ball control and coordination. Keep your eyes up throughout the movement and complete 10 reps with each hand to build consistency and confidence.",Pro,advanced,54 indi app 4.mp4,Yes,,,2,false,published,1,"two-ball,cradle,circus",Double circus cradle pattern
Two Ball Dribbling Mastery,two-ball-dribbling-mastery,"Take your ball handling to elite levels with advanced two-ball dribbling drills. Develop hand independence, coordination, and control that separates you from the competition.",basketball,Two Ball,two-ball,1,3,Low Dribbles,low-dribbles,"Build serious hand strength with low two-ball dribbles. Keep your eyes up and focus on strong fingertip control. Complete 10 reps to develop the power and control needed for advanced ball handling.",Advanced,intermediate,55 indi app 4.mp4,Yes,,,2,false,published,1,"two-ball,low-dribble,hand-strength",Low dribble with fingertip control
Two Ball Dribbling Mastery,two-ball-dribbling-mastery,"Take your ball handling to elite levels with advanced two-ball dribbling drills. Develop hand independence, coordination, and control that separates you from the competition.",basketball,Two Ball,two-ball,1,4,Backboard Warm Up,backboard-warm-up,"Prepare your hands for two-ball work with a double ball toss off the glass. This warm-up drill works on dexterity and hand-eye coordination. Complete 10 reps to activate your hands and get ready for more advanced drills.",Easy,beginner,56 indi app 4.mp4,Yes,,,2,false,published,1,"two-ball,warmup,dexterity",Double ball toss off glass
Two Ball Dribbling Mastery,two-ball-dribbling-mastery,"Take your ball handling to elite levels with advanced two-ball dribbling drills. Develop hand independence, coordination, and control that separates you from the competition.",basketball,Two Ball,two-ball,1,5,Double Front Cross,double-front-cross,"Master double front cross with two basketballs, keeping your eyes up throughout. Start with 10 front crosses beginning in each hand, developing the coordination and control needed for advanced combinations.",Advanced,intermediate,57 indi app 4.mp4,No,,,2,false,published,1,"two-ball,front-cross,coordination",Double front cross pattern
Two Ball Dribbling Mastery,two-ball-dribbling-mastery,"Take your ball handling to elite levels with advanced two-ball dribbling drills. Develop hand independence, coordination, and control that separates you from the competition.",basketball,Two Ball,two-ball,1,6,Combo Cut,combo-cut,"Execute single through the legs with two basketballs, maintaining focus and control. Keep your eyes up and complete 10 reps per leg. Step forward when dribbling through the legs to create dynamic movement.",Advanced,intermediate,58 indi app 4.mp4,No,,,2,false,published,1,"two-ball,between-legs,on-move",Single through legs with forward step
Two Ball Dribbling Mastery,two-ball-dribbling-mastery,"Take your ball handling to elite levels with advanced two-ball dribbling drills. Develop hand independence, coordination, and control that separates you from the competition.",basketball,Two Ball,two-ball,1,7,Double Through Legs,double-through-legs,"Master continuous through the legs with both legs using two basketballs. Tap the front ball with the opposite hand as demonstrated in the video. Complete 20 reps total to build advanced coordination and control.",Pro,advanced,59 indi app 4.mp4,Yes,,,2,false,published,1,"two-ball,between-legs,continuous",Continuous betweens with both legs
Two Ball Dribbling Mastery,two-ball-dribbling-mastery,"Take your ball handling to elite levels with advanced two-ball dribbling drills. Develop hand independence, coordination, and control that separates you from the competition.",basketball,Two Ball,two-ball,1,8,Low High Dribble,low-high-dribble,"Contrast low and high dribbles with two basketballs, developing dynamic control and hand strength. Use a 10-second count where each double pound equals one second, repeating twice. Keep your eyes up throughout the movement.",Advanced,intermediate,60 indi app 4.mp4,Yes,,,2,false,published,1,"two-ball,contrast,low-high",Low to high dribble contrast
Two Ball Dribbling Mastery,two-ball-dribbling-mastery,"Take your ball handling to elite levels with advanced two-ball dribbling drills. Develop hand independence, coordination, and control that separates you from the competition.",basketball,Two Ball,two-ball,1,9,Same Time Dribbling,same-time-dribbling,"Develop elite coordination by dribbling both balls simultaneously with double pounds. Complete 10 reps total, focusing on rhythm and control. This fundamental drill builds the foundation for more advanced two-ball combinations.",Easy,beginner,61 indi app 4.mp4,Yes,,,2,false,published,1,"two-ball,simultaneous,double-pound",Simultaneous double pounds
Two Ball Dribbling Mastery,two-ball-dribbling-mastery,"Take your ball handling to elite levels with advanced two-ball dribbling drills. Develop hand independence, coordination, and control that separates you from the competition.",basketball,Two Ball,two-ball,1,10,In And Outs,in-and-outs,"Master two-ball in and outs to build hand independence and control. Keep your eyes up and complete 10 in and outs on each side. This drill develops the coordination needed for advanced ball handling moves.",Easy,beginner,62 indi app 4.mp4,No,,,2,false,published,1,"two-ball,in-out,hand-independence",In and out pattern both sides
Two Ball Dribbling Mastery,two-ball-dribbling-mastery,"Take your ball handling to elite levels with advanced two-ball dribbling drills. Develop hand independence, coordination, and control that separates you from the competition.",basketball,Two Ball,two-ball,1,11,Eggbeater,eggbeater,"Execute the eggbeater drill with two basketballs, demonstrating elite ball handling skills that separate advanced players. Keep your eyes up and complete 10-20 reps to build serious coordination and control.",Pro,advanced,63 indi app 4.mp4,Yes,,,2,false,published,1,"two-ball,eggbeater,elite",Eggbeater pattern drill
Two Ball Dribbling Mastery,two-ball-dribbling-mastery,"Take your ball handling to elite levels with advanced two-ball dribbling drills. Develop hand independence, coordination, and control that separates you from the competition.",basketball,Two Ball,two-ball,1,12,Single Behind,single-behind,"Combine front cross and behind cross with two basketballs, focusing on quickness and hand speed. Keep your eyes up throughout and complete 10 reps on each side. This drill develops the speed needed for game situations.",Advanced,intermediate,64 indi app 4.mp4,Yes,,,2,false,published,1,"two-ball,front-behind,quickness",Front cross to behind cross
Two Ball Dribbling Mastery,two-ball-dribbling-mastery,"Take your ball handling to elite levels with advanced two-ball dribbling drills. Develop hand independence, coordination, and control that separates you from the competition.",basketball,Two Ball,two-ball,1,13,Single Front Cross,single-front-cross,"Master single front cross with two basketballs, developing fundamental two-ball control. Complete 10 reps on each side, keeping your eyes up throughout the movement. This drill builds the foundation for more advanced combinations.",Easy,beginner,65 indi app 4.mp4,Yes,,,2,false,published,1,"two-ball,single-cross,fundamentals",Single front cross pattern
Two Ball Dribbling Mastery,two-ball-dribbling-mastery,"Take your ball handling to elite levels with advanced two-ball dribbling drills. Develop hand independence, coordination, and control that separates you from the competition.",basketball,Two Ball,two-ball,1,14,Alternate Dribbles,alternate-dribbles,"Develop rhythm and control with low alternating two-ball dribbles. Use a 10-second dribble count where one dribble with each hand equals one second. This drill builds the timing and coordination needed for advanced moves.",Easy,beginner,66 indi app 4.mp4,Yes,,,2,false,published,1,"two-ball,alternating,rhythm",Low alternating dribbles
Two Ball Dribbling Mastery,two-ball-dribbling-mastery,"Take your ball handling to elite levels with advanced two-ball dribbling drills. Develop hand independence, coordination, and control that separates you from the competition.",basketball,Two Ball,two-ball,1,15,High Low Alternating,high-low-alternating,"Contrast high and low dribbles with two basketballs for dynamic control. Pair this video with the low high dribble episode to understand the full range of dribble heights and develop complete ball handling mastery.",Easy,beginner,67 indi app 4.mp4,Yes,,,2,false,published,1,"two-ball,contrast,high-low",High to low alternating contrast
Two Ball Dribbling Mastery,two-ball-dribbling-mastery,"Take your ball handling to elite levels with advanced two-ball dribbling drills. Develop hand independence, coordination, and control that separates you from the competition.",basketball,Two Ball,two-ball,1,16,Single Through Legs,single-through-legs,"Combine front cross and between the legs with two basketballs. Keep your eyes up and complete 10 reps on each side. This drill develops the coordination needed for advanced game moves.",Advanced,intermediate,68 indi app 4.mp4,Yes,,,2,false,published,1,"two-ball,front-between,coordination",Front cross to between legs
Two Ball Dribbling Mastery,two-ball-dribbling-mastery,"Take your ball handling to elite levels with advanced two-ball dribbling drills. Develop hand independence, coordination, and control that separates you from the competition.",basketball,Two Ball,two-ball,1,17,Front Behind Combo,front-behind-combo,"Execute front cross to behind cross combinations with two basketballs. Keep your eyes up and complete 10 reps on each side. This advanced drill develops the quickness and hand speed needed for elite ball handling.",Advanced,intermediate,70 indi app 4.mp4,Yes,,,2,false,published,1,"two-ball,front-behind,combinations",Front cross to behind cross combo
Two Ball Dribbling Mastery,two-ball-dribbling-mastery,"Take your ball handling to elite levels with advanced two-ball dribbling drills. Develop hand independence, coordination, and control that separates you from the competition.",basketball,Two Ball,two-ball,1,18,Double Front Cross Moving,double-front-cross-moving,"Master continuous front cross on the move with two basketballs. Complete to half court OR 10 total crosses on the move. This advanced drill develops game-like ball handling skills while maintaining control at speed.",Advanced,intermediate,71 indi app 4.mp4,Yes,,,2,false,published,1,"two-ball,front-cross,on-move",Continuous front cross moving
Two Ball Dribbling Mastery,two-ball-dribbling-mastery,"Take your ball handling to elite levels with advanced two-ball dribbling drills. Develop hand independence, coordination, and control that separates you from the competition.",basketball,Two Ball,two-ball,1,19,Through Front Cross,through-front-cross,"Combine between the legs and front cross with two basketballs. Keep your eyes up and complete 10 total combos (between and front cross equals one rep). This drill develops smooth transitions between moves.",Advanced,intermediate,72 indi app 4.mp4,Yes,,,2,false,published,1,"two-ball,between-front,combinations",Between legs to front cross combo
Two Ball Dribbling Mastery,two-ball-dribbling-mastery,"Take your ball handling to elite levels with advanced two-ball dribbling drills. Develop hand independence, coordination, and control that separates you from the competition.",basketball,Two Ball,two-ball,1,20,Front Behind Two Balls,front-behind-two-balls,"Execute front cross to behind cross pattern with two basketballs for elite coordination. Keep your eyes up and complete 10 total combos (front cross to behind equals one rep). This advanced drill develops the hand speed needed for game situations.",Advanced,intermediate,73 indi app 4.mp4,Yes,,,2,false,published,1,"two-ball,front-behind,pattern",Front cross to behind pattern
Two Ball Dribbling Mastery,two-ball-dribbling-mastery,"Take your ball handling to elite levels with advanced two-ball dribbling drills. Develop hand independence, coordination, and control that separates you from the competition.",basketball,Two Ball,two-ball,1,21,Double Behind Front Tap,double-behind-front-tap,"Master double behind the back (returning to the same side) with two basketballs. Keep your eyes up and complete 10 total double behind the backs, switching hands after each sequence. This advanced drill develops elite ball control.",Advanced,intermediate,74 indi app 4.mp4,Yes,,,2,false,published,1,"two-ball,double-behind,elite",Double behind same side
Two Ball Dribbling Mastery,two-ball-dribbling-mastery,"Take your ball handling to elite levels with advanced two-ball dribbling drills. Develop hand independence, coordination, and control that separates you from the competition.",basketball,Two Ball,two-ball,1,22,Double Front Cross Between,double-front-cross-between,"Execute double front cross with dribble in between pattern using two basketballs. Keep your eyes up and complete 10 total combos (front cross times two equals one rep). This drill develops advanced coordination and control.",Advanced,intermediate,75 indi app 4.mp4,Yes,,,2,false,published,1,"two-ball,double-cross,between",Double front cross with between pattern
Two Ball Dribbling Mastery,two-ball-dribbling-mastery,"Take your ball handling to elite levels with advanced two-ball dribbling drills. Develop hand independence, coordination, and control that separates you from the competition.",basketball,Two Ball,two-ball,1,23,Cradle Drill,cradle-drill,"Master double circus cradle with two basketballs, pairing this drill with episode 2 for complete understanding. Keep your eyes up and complete 10 total cradles. This variation builds serious ball control and coordination.",Advanced,intermediate,76 indi app 4.mp4,Yes,,,2,false,published,1,"two-ball,cradle,circus",Double circus cradle variation
Two Ball Dribbling Mastery,two-ball-dribbling-mastery,"Take your ball handling to elite levels with advanced two-ball dribbling drills. Develop hand independence, coordination, and control that separates you from the competition.",basketball,Two Ball,two-ball,1,24,Double Behind Stationary,double-behind-stationary,"Execute double behind the back stationary drill with two basketballs for fundamental mastery. Keep your eyes up and complete 10 total combo behind the backs. This drill builds the foundation for advanced moving combinations.",Pro,advanced,77 indi app 4.mp4,Yes,,,2,false,published,1,"two-ball,double-behind,stationary",Stationary double behind the back
Two Ball Dribbling Mastery,two-ball-dribbling-mastery,"Take your ball handling to elite levels with advanced two-ball dribbling drills. Develop hand independence, coordination, and control that separates you from the competition.",basketball,Two Ball,two-ball,1,25,Through Behind Moving,through-behind-moving,"Master through behind sequence while moving with two basketballs for game speed. Complete to half court OR 10-20 total crosses. This advanced drill develops the coordination needed for game-like situations.",Advanced,intermediate,78 indi app 4.mp4,Yes,,,2,false,published,1,"two-ball,through-behind,on-move",Through behind sequence moving
Two Ball Dribbling Mastery,two-ball-dribbling-mastery,"Take your ball handling to elite levels with advanced two-ball dribbling drills. Develop hand independence, coordination, and control that separates you from the competition.",basketball,Two Ball,two-ball,1,26,Behind Through Combo,behind-through-combo,"Execute behind then through the legs sequence with two basketballs for advanced moves. Keep your eyes up and complete 10 total combos. This drill develops the smooth transitions needed for elite ball handling.",Advanced,intermediate,79 indi app 4.mp4,Yes,,,2,false,published,1,"two-ball,behind-through,combinations",Behind to through legs combo
Two Ball Dribbling Mastery,two-ball-dribbling-mastery,"Take your ball handling to elite levels with advanced two-ball dribbling drills. Develop hand independence, coordination, and control that separates you from the competition.",basketball,Two Ball,two-ball,1,27,Double Through Legs Advanced,double-through-legs-advanced,"Master advanced double through the legs pattern with two basketballs for elite players. Complete to half court OR 10 total combos. Keep your eyes up throughout this challenging drill that develops serious ball control.",Advanced,intermediate,80 indi app 4.mp4,Yes,,,2,false,published,1,"two-ball,double-between,advanced",Front to between on the move
Two Ball Dribbling Mastery,two-ball-dribbling-mastery,"Take your ball handling to elite levels with advanced two-ball dribbling drills. Develop hand independence, coordination, and control that separates you from the competition.",basketball,Two Ball,two-ball,1,28,Alternating High,alternating-high,"Build serious endurance with high alternating two-ball dribbles. Complete 10 reps where two dribbles equal one rep. This drill develops the stamina and control needed for extended game situations.",Advanced,intermediate,81 indi app 4.mp4,Yes,,,2,false,published,1,"two-ball,alternating,high",High alternating dribbles
Two Ball Dribbling Mastery,two-ball-dribbling-mastery,"Take your ball handling to elite levels with advanced two-ball dribbling drills. Develop hand independence, coordination, and control that separates you from the competition.",basketball,Two Ball,two-ball,1,29,Front Through Legs,front-through-legs,"Combine front cross and through the legs with two basketballs for smooth combos. Keep your eyes up and complete 10 total combos. This drill develops the coordination needed for advanced game moves.",Advanced,intermediate,82 indi app 4.mp4,Yes,,,2,false,published,1,"two-ball,front-between,combinations",Front to between legs pattern
Two Ball Dribbling Mastery,two-ball-dribbling-mastery,"Take your ball handling to elite levels with advanced two-ball dribbling drills. Develop hand independence, coordination, and control that separates you from the competition.",basketball,Two Ball,two-ball,1,30,Behind Through Advanced,behind-through-advanced,"Execute behind into through the legs advanced combo move with two basketballs. Keep your eyes up and complete 10 total combos. This elite drill develops the hand speed and coordination needed for game situations.",Advanced,intermediate,83 indi app 4.mp4,Yes,,,2,false,published,1,"two-ball,behind-between,advanced",Behind to between advanced combo
Two Ball Dribbling Mastery,two-ball-dribbling-mastery,"Take your ball handling to elite levels with advanced two-ball dribbling drills. Develop hand independence, coordination, and control that separates you from the competition.",basketball,Two Ball,two-ball,1,31,Front Through Variation,front-through-variation,"Master front through the legs variation with two basketballs for different looks. Complete 10 total combos. This drill develops the versatility needed to keep defenders guessing in game situations.",Advanced,intermediate,84 indi app 4.mp4,Yes,,,2,false,published,1,"two-ball,front-between,variation",Continuous front to between
Two Ball Dribbling Mastery,two-ball-dribbling-mastery,"Take your ball handling to elite levels with advanced two-ball dribbling drills. Develop hand independence, coordination, and control that separates you from the competition.",basketball,Two Ball,two-ball,1,32,Single Front Cross,single-front-cross-advanced,"Focus on single front cross emphasis with two basketballs for advanced control. Keep your eyes up and complete 10 total crosses with each arm. This drill develops the precision needed for game situations.",Advanced,intermediate,85 indi app 4.mp4,Yes,,,2,false,published,1,"two-ball,single-cross,precision",Single front cross emphasis
Two Ball Dribbling Mastery,two-ball-dribbling-mastery,"Take your ball handling to elite levels with advanced two-ball dribbling drills. Develop hand independence, coordination, and control that separates you from the competition.",basketball,Two Ball,two-ball,1,33,Through Behind Moving,through-behind-moving-continuous,"Master continuous between and behind sequence while moving with two basketballs for game speed. Complete to half court OR 10 total reps. This drill develops the endurance needed for extended play.",Easy,beginner,86 indi app 4.mp4,Yes,,,2,false,published,1,"two-ball,continuous,on-move",Continuous between to behind
Two Ball Dribbling Mastery,two-ball-dribbling-mastery,"Take your ball handling to elite levels with advanced two-ball dribbling drills. Develop hand independence, coordination, and control that separates you from the competition.",basketball,Two Ball,two-ball,1,34,Double Behind Moving,double-behind-moving,"Execute continuous behind the back on the move with two basketballs for advanced play. Complete to half court OR 10 total reps. This elite drill develops the control needed for game situations at speed.",Pro+,expert,87 indi app 4.mp4,Yes,,,2,false,published,1,"two-ball,double-behind,on-move",Continuous behind the back moving
Two Ball Dribbling Mastery,two-ball-dribbling-mastery,"Take your ball handling to elite levels with advanced two-ball dribbling drills. Develop hand independence, coordination, and control that separates you from the competition.",basketball,Two Ball,two-ball,1,35,Through Front Cross Combo,through-front-cross-combo,"Master through the legs into front cross combo with two basketballs. Keep your eyes up and complete 10 total combos. This drill develops the smooth transitions needed for elite ball handling.",Easy,beginner,88 indi app 4.mp4,Yes,,,2,false,published,1,"two-ball,between-front,combo",Between to front cross combo
Advanced Shooting with Rebounder,advanced-shooting-rebounder,"Take your shooting to the next level with partner drills and rebounder assistance. Master game-like situations, conditioning, and mental toughness through advanced shooting drills.",basketball,On Court + Rebounder,on-court-rebounder,1,1,M Drill,m-drill,"Master the M drill with a rebounder, combining conditioning with shot making. Complete the drill in 2 minutes OR limit yourself to 2 misses only. This advanced drill develops game-like shooting under pressure and fatigue.",Pro+,expert,89 indi apps.mov,Maybe,,,2,true,published,1,"shooting,m-drill,conditioning",M drill with time or miss limit
Advanced Shooting with Rebounder,advanced-shooting-rebounder,"Take your shooting to the next level with partner drills and rebounder assistance. Master game-like situations, conditioning, and mental toughness through advanced shooting drills.",basketball,On Court + Rebounder,on-court-rebounder,1,2,Corner 10 In A Row,corner-10-in-a-row,"Build mental toughness with corner shooting challenges. Start with 2 in a row (Starter level), progress to 3 in a row (Advanced), and aim for 5+ in a row (Pro level). Focus on maintaining concentration and consistency under pressure.",Pro,advanced,90 indi apps.mov,Yes,,,2,false,published,1,"shooting,corner,consistency",5 in a row corner challenge
Advanced Shooting with Rebounder,advanced-shooting-rebounder,"Take your shooting to the next level with partner drills and rebounder assistance. Master game-like situations, conditioning, and mental toughness through advanced shooting drills.",basketball,On Court + Rebounder,on-court-rebounder,1,3,Wing M Drill,wing-m-drill,"Master the W drill (Wing M drill) with continuous sprinting from halfcourt corner to the wing, then to the opposite halfcourt corner and back to the wing. Continue for 2 minutes or limit to 2 misses total. This drill combines conditioning with focus.",Pro,advanced,91 indi apps.mov,Yes,,,2,false,published,1,"shooting,wing-m-drill,conditioning",W drill with continuous sprinting
Advanced Shooting with Rebounder,advanced-shooting-rebounder,"Take your shooting to the next level with partner drills and rebounder assistance. Master game-like situations, conditioning, and mental toughness through advanced shooting drills.",basketball,On Court + Rebounder,on-court-rebounder,1,4,Middle Five In A Row,middle-five-in-a-row,"Develop consistency with middle jumpers in a row. Start with 2 in a row (Starter), progress to 3 in a row (Advanced), and aim for 5+ in a row (Pro). Focus on maintaining form and concentration throughout the challenge.",Pro,advanced,92 indi apps.mov,Yes,,,2,false,published,1,"shooting,middle,consistency",Middle 5 in a row challenge
Advanced Shooting with Rebounder,advanced-shooting-rebounder,"Take your shooting to the next level with partner drills and rebounder assistance. Master game-like situations, conditioning, and mental toughness through advanced shooting drills.",basketball,On Court + Rebounder,on-court-rebounder,1,5,M Drill Explanation,m-drill-explanation,"Detailed explanation of the M drill technique and strategy. Understand the purpose, execution, and how to maximize effectiveness. Pair this explanation with the M drill demonstration for complete understanding.",Pro,advanced,93 indi apps.mov,Yes,,,2,false,published,1,"shooting,m-drill,explanation",M drill technique breakdown
Advanced Shooting with Rebounder,advanced-shooting-rebounder,"Take your shooting to the next level with partner drills and rebounder assistance. Master game-like situations, conditioning, and mental toughness through advanced shooting drills.",basketball,On Court + Rebounder,on-court-rebounder,1,6,Elbow To Elbow,elbow-to-elbow,"Master elbow to elbow shooting with constant movement. Every make is +1 and every miss is -2. Your goal is to reach +10, but if you get to -5, the drill is over. This advanced drill develops mental toughness and consistency under pressure.",Pro+,expert,94 indi apps.mov,Yes,,,2,false,published,1,"shooting,elbow-to-elbow,mental-toughness",Plus-minus scoring system
Advanced Shooting with Rebounder,advanced-shooting-rebounder,"Take your shooting to the next level with partner drills and rebounder assistance. Master game-like situations, conditioning, and mental toughness through advanced shooting drills.",basketball,On Court + Rebounder,on-court-rebounder,1,7,Wing Five In A Row,wing-five-in-a-row,"Build consistency with wing jumpers in a row. Start with 2 in a row (Starter), progress to 3 in a row (Advanced), and aim for 5+ in a row (Pro). Focus on maintaining form and concentration throughout the challenge.",Pro,advanced,95 indi apps.mov,Yes,,,2,false,published,1,"shooting,wing,consistency",Wing 5 in a row challenge
Advanced Shooting with Rebounder,advanced-shooting-rebounder,"Take your shooting to the next level with partner drills and rebounder assistance. Master game-like situations, conditioning, and mental toughness through advanced shooting drills.",basketball,On Court + Rebounder,on-court-rebounder,1,8,Corner Five In A Row,corner-five-in-a-row,"Develop consistency with corner jumpers in a row. Start with 2 in a row (Starter), progress to 3 in a row (Advanced), and aim for 5+ in a row (Pro). Focus on maintaining form and concentration throughout the challenge.",Pro,advanced,96 indi apps.mov,Yes,,,2,false,published,1,"shooting,corner,consistency",Corner 5 in a row challenge
Advanced Shooting with Rebounder,advanced-shooting-rebounder,"Take your shooting to the next level with partner drills and rebounder assistance. Master game-like situations, conditioning, and mental toughness through advanced shooting drills.",basketball,On Court + Rebounder,on-court-rebounder,1,9,Corner Jumpers Explained,corner-jumpers-explained,"Detailed explanation of corner jumpers and the 5 in a row challenge. Start with 2 in a row (Starter), progress to 3 in a row (Advanced), and aim for 5+ in a row (Pro). Understand the purpose and execution of this mental toughness drill.",Pro,advanced,99 indi apps.mov,Yes,,,2,false,published,1,"shooting,corner,explanation",Corner jumpers technique breakdown
Advanced Shooting with Rebounder,advanced-shooting-rebounder,"Take your shooting to the next level with partner drills and rebounder assistance. Master game-like situations, conditioning, and mental toughness through advanced shooting drills.",basketball,On Court + Rebounder,on-court-rebounder,1,10,Wing Five Reps,wing-five-reps,"Master wing threes with the 5 in a row challenge. Start with 2 in a row (Starter), progress to 3 in a row (Advanced), and aim for 5+ in a row (Pro). Focus on maintaining form and concentration throughout the challenge.",Pro,advanced,100 indi apps.mov,Yes,,,2,false,published,1,"shooting,wing-threes,consistency",Wing 3s 5 in a row challenge
Advanced Shooting with Rebounder,advanced-shooting-rebounder,"Take your shooting to the next level with partner drills and rebounder assistance. Master game-like situations, conditioning, and mental toughness through advanced shooting drills.",basketball,On Court + Rebounder,on-court-rebounder,1,11,Corner Five Reps,corner-five-reps,"Develop consistency with corner jumpers in the 5 in a row challenge. Start with 2 in a row (Starter), progress to 3 in a row (Advanced), and aim for 5+ in a row (Pro). Focus on maintaining form and concentration throughout.",Pro,advanced,101 indi apps.mov,Yes,,,2,false,published,1,"shooting,corner-jumpers,consistency",Corner jumpers 5 in a row
Advanced Shooting with Rebounder,advanced-shooting-rebounder,"Take your shooting to the next level with partner drills and rebounder assistance. Master game-like situations, conditioning, and mental toughness through advanced shooting drills.",basketball,On Court + Rebounder,on-court-rebounder,1,12,Middle Five Reps,middle-five-reps,"Master middle jumpers with the 5 in a row challenge. Start with 2 in a row (Starter), progress to 3 in a row (Advanced), and aim for 5+ in a row (Pro). Focus on maintaining form and concentration throughout the challenge.",Pro,advanced,102 indi apps.mov,Yes,,,2,false,published,1,"shooting,middle-jumpers,consistency",Middle jumpers 5 in a row
Advanced Shooting with Rebounder,advanced-shooting-rebounder,"Take your shooting to the next level with partner drills and rebounder assistance. Master game-like situations, conditioning, and mental toughness through advanced shooting drills.",basketball,On Court + Rebounder,on-court-rebounder,1,13,Wing M Drill Demo,wing-m-drill-demo,"Demonstrate the W drill (M wing version) with conditioning and focus. Use positive visualization throughout the drill. Complete 2 minutes for 10 makes OR limit to 2 misses only for 10 makes. Pair this with video 3 for complete understanding.",Pro,advanced,103 indi apps.mov,Yes,,,2,false,published,1,"shooting,wing-m-drill,demo",W drill demonstration with visualization
Advanced Shooting with Rebounder,advanced-shooting-rebounder,"Take your shooting to the next level with partner drills and rebounder assistance. Master game-like situations, conditioning, and mental toughness through advanced shooting drills.",basketball,On Court + Rebounder,on-court-rebounder,1,14,Wing Jumpers,wing-jumpers,"Master wing jumpers with the 5 in a row challenge. Start with 2 in a row (Starter), progress to 3 in a row (Advanced), and aim for 5+ in a row (Pro). Focus on maintaining form and concentration throughout the challenge.",Pro,advanced,104 indi apps.mov,Yes,,,2,false,published,1,"shooting,wing-jumpers,consistency",Wing jumpers 5 in a row
Advanced Shooting with Rebounder,advanced-shooting-rebounder,"Take your shooting to the next level with partner drills and rebounder assistance. Master game-like situations, conditioning, and mental toughness through advanced shooting drills.",basketball,On Court + Rebounder,on-court-rebounder,1,15,Five In A Row Explained,five-in-a-row-explained,"Understand the purpose and importance of shooting in a row or succession. Learn how this mental toughness drill prepares you for game situations where consecutive makes are crucial. Develop the focus needed to execute under pressure.",Pro,advanced,105 indi apps.mov,Yes,,,2,false,published,1,"shooting,explanation,mental-toughness",In a row shooting purpose
Advanced Shooting with Rebounder,advanced-shooting-rebounder,"Take your shooting to the next level with partner drills and rebounder assistance. Master game-like situations, conditioning, and mental toughness through advanced shooting drills.",basketball,On Court + Rebounder,on-court-rebounder,1,16,Wing Five Drill,wing-five-drill,"Master wing jumpers with the 5 in a row challenge. Start with 2 in a row (Starter), progress to 3 in a row (Advanced), and aim for 5+ in a row (Pro). Focus on maintaining form and concentration throughout the challenge.",Pro,advanced,106 indi apps.mov,Yes,,,2,false,published,1,"shooting,wing-jumpers,consistency",Wing jumpers 5 in a row drill
Advanced Shooting with Rebounder,advanced-shooting-rebounder,"Take your shooting to the next level with partner drills and rebounder assistance. Master game-like situations, conditioning, and mental toughness through advanced shooting drills.",basketball,On Court + Rebounder,on-court-rebounder,1,17,Plus Minus Drill,plus-minus-drill,"Master the plus-minus drill with a rebounder. Understand the scoring system and how it develops mental toughness and consistency. Pair this explanation with the plus-minus drill demonstration for complete understanding.",Pro,advanced,108 indi apps.mov,Yes,,,2,false,published,1,"shooting,plus-minus,explanation",Plus-minus drill explanation
Advanced Shooting with Rebounder,advanced-shooting-rebounder,"Take your shooting to the next level with partner drills and rebounder assistance. Master game-like situations, conditioning, and mental toughness through advanced shooting drills.",basketball,On Court + Rebounder,on-court-rebounder,1,18,Rebounder Passing Tips,rebounder-passing-tips,"Learn why rebounder seam passing matters for your game. Understand proper passing technique, timing, and how effective passing improves your shooting drills. This explanation helps maximize your rebounder practice sessions.",Pro,advanced,109 indi apps.mov,Yes,,,2,false,published,1,"shooting,rebounder,passing",Rebounder passing technique tips

